{
  "u8 decode": 2.175406460009981,
  "u16 decode": 2.116429164962028,
  "u32 decode": 2.0980991699616425,
  "u64 decode": 2.139817290008068,
  "u128 decode": 2.1069508300570305,
  "Compact<u32> decode": 6.94387875002576,
  "bool decode": 2.0968735399947036,
  "H256 decode": 2.1420531250623753,
  "AccountId decode (no SS58)": 2.648127705033403,
  "Str decode": 9.203728335050982,
  "(u32, u64, bool) decode": 16.11108041506668,
  "u32 encode": 1.6533639599947492,
  "u64 encode": 1.6755102099705255,
  "Compact<u32> encode": 6.466205420001643,
  "H256 encode": 1.772532079994562,
  "Vec<u32> decode (64 elements)": 160.5710812502366,
  "Vec<u32> decode (1,024 elements)": 2329.7630835004384,
  "Vec<u32> decode (16,384 elements)": 37470.38832996623,
  "Bytes decode (1 KB)": 10.346560399921145,
  "Bytes decode (64 KB)": 46.012334001716226,
  "Bytes decode (512 KB)": 270.5133400741033,
  "Vec<EventRecord> decode (5 events, V10)": 215.7866460038349,
  "MetadataVersioned decode (V10, 85 KB)": 47144.56526659584,
  "MetadataVersioned decode (V13, 219 KB)": 102974.24589953152,
  "MetadataVersioned decode (V14, 300 KB)": 284478.38319989387,
  "Bittensor metadata + portable registry (254 KB)": 332447.6250030178
}